"Title","Description","Link","Image","Board"
"Fashion Find","Trendy style","https://chic-cheap.com","https://m.media-amazon.com/images/I/81NV-bN5vKL._AC_SX569_.jpg","Summer Trends 2025"
"Fashion Find","Trendy style","https://chic-cheap.com","https://m.media-amazon.com/images/I/614bG0bdWuL._AC_SX679_.jpg","Summer Trends 2025"
"Fashion Find","Trendy style","https://chic-cheap.com","https://images.unsplash.com/photo-1624223359990-8b050454b378?q=80&w=600","Summer Trends 2025"
"Fashion Find","Trendy style","https://chic-cheap.com","https://images.unsplash.com/photo-1591047139829-d91aecb6caea?q=80&w=600","Summer Trends 2025"
"Fashion Find","Trendy style","https://chic-cheap.com","https://images.unsplash.com/photo-1566150905458-1bf1fc113f0d?q=80&w=600","Summer Trends 2025"
"Fashion Find","Trendy style","https://chic-cheap.com","https://m.media-amazon.com/images/I/912ZoPZhcdS._AC_SX569_.jpg","Summer Trends 2025"
"Fashion Find","Trendy style","https://chic-cheap.com","https://images.unsplash.com/photo-1605763240004-7e93b172d754?q=80&w=600","Summer Trends 2025"
"Fashion Find","Trendy style","https://chic-cheap.com","https://images.unsplash.com/photo-1599643478518-17488fbbcd75?q=80&w=600","Summer Trends 2025"
"Fashion Find","Trendy style","https://chic-cheap.com","https://images.unsplash.com/photo-1598554060854-b827048d7458?q=80&w=600","Summer Trends 2025"
"Fashion Find","Trendy style","https://chic-cheap.com","https://m.media-amazon.com/images/I/713Yi+YJDKL._AC_SY695_.jpg","Summer Trends 2025"
"Fashion Find","Trendy style","https://chic-cheap.com","https://m.media-amazon.com/images/I/71u9ikmOOGL._AC_SX569_.jpg","Summer Trends 2025"
"Fashion Find","Trendy style","https://chic-cheap.com","https://m.media-amazon.com/images/I/71snjErBFxL._AC_SY695_.jpg","Summer Trends 2025"
"Fashion Find","Trendy style","https://chic-cheap.com","https://images.unsplash.com/photo-1535632066927-ab7c9ab60908?q=80&w=600","Summer Trends 2025"
"Fashion Find","Trendy style","https://chic-cheap.com","https://images.unsplash.com/photo-1544441893-675973e31985?q=80&w=600","Summer Trends 2025"
"Fashion Find","Trendy style","https://chic-cheap.com","https://m.media-amazon.com/images/I/611yvW2iVeL._AC_SY675_.jpg","Summer Trends 2025"
